"","trait","response_variable","window","sample_size","term","estimate","std.error","statistic","conf.low","conf.high","lambda"
"1","STI","temperature anomaly","decision",20,"(Intercept)",-1.716,0.797,-2.154,-3.278,-0.155,0
"2","STI","temperature anomaly","decision",20,"STI",0.068,0.065,1.054,-0.059,0.196,0
"3","STI","temperature anomaly","long-term",20,"(Intercept)",-2.748,0.729,-3.768,-4.177,-1.319,0
"4","STI","temperature anomaly","long-term",20,"STI",0.132,0.059,2.219,0.015,0.248,0
"5","annual precip in range","total precipitation","decision",20,"(Intercept)",-0.183,1.139,-0.16,-2.416,2.05,0
"6","annual precip in range","total precipitation","decision",20,"AnnualPrecip_cm",-0.002,0.013,-0.116,-0.028,0.025,0
"7","annual precip in range","total precipitation","long-term",20,"(Intercept)",-1.175,1.248,-0.941,-3.622,1.272,0
"8","annual precip in range","total precipitation","long-term",20,"AnnualPrecip_cm",0.007,0.015,0.459,-0.022,0.036,0
"9","annual precip in range","precipitation COV","decision",20,"(Intercept)",0.096,1.161,0.083,-2.18,2.372,0
"10","annual precip in range","precipitation COV","decision",20,"AnnualPrecip_cm",0.001,0.014,0.052,-0.026,0.028,0
"11","annual precip in range","precipitation COV","long-term",20,"(Intercept)",0.638,1.224,0.521,-1.761,3.037,0
"12","annual precip in range","precipitation COV","long-term",20,"AnnualPrecip_cm",-0.008,0.014,-0.553,-0.036,0.02,0
"13","HWI","temperature anomaly","decision",20,"(Intercept)",-0.617,1.227,-0.503,-3.021,1.788,0
"14","HWI","temperature anomaly","decision",20,"HWI",-0.015,0.055,-0.276,-0.124,0.093,0
"15","HWI","temperature anomaly","long-term",20,"(Intercept)",-1.428,1.232,-1.159,-3.843,0.986,0
"16","HWI","temperature anomaly","long-term",20,"HWI",0.008,0.056,0.142,-0.101,0.117,0
"17","C.T","light pollution","decision",19,"(Intercept)",2.596,3.321,0.782,-3.913,9.105,0
"18","C.T","light pollution","decision",19,"C.T",-5.695,6.688,-0.852,-18.804,7.413,0
"19","C.T","light pollution","long-term",19,"(Intercept)",3.609,2.835,1.273,-1.948,9.166,0
"20","C.T","light pollution","long-term",19,"C.T",-7.418,5.71,-1.299,-18.609,3.773,0
