"","Species","term","estimate","std.error","statistic","p.value","conf.low","conf.high"
"1","AMRO","(Intercept)",-0.0320948631776059,0.174998369372881,-0.183400927063606,0.85448344851245,-0.375085364501691,0.310895638146479
"2","AMRO","scale(light_tstat)",0.175032605941895,0.154869735873964,1.13019244821558,0.258395141180347,-0.128506498666305,0.478571710550096
"3","AMRO","scale(prcp_DW_cov_tstat)",0.143661236177565,0.17387850072602,0.826216211766924,0.408681453470438,-0.197134362931256,0.484456835286386
"4","AMRO","scale(prcp_DW_total_tstat)",0.0424621752855691,0.174789065718174,0.242933819178565,0.808056666278074,-0.300118098413456,0.385042448984594
"5","AMRO","scale(tempanom_DW_tstat)",-0.479628284077908,0.157283040537389,-3.04945963938109,0.00229253434737342,-0.787897378910144,-0.171359189245672
"6","AUWA","(Intercept)",-0.328464785727648,0.469736452922543,-0.699253344474439,0.484393718529378,-1.24913131568143,0.592201744226131
"7","AUWA","scale(light_tstat)",-0.514182090122284,0.263335968973419,-1.95257067284335,0.0508704890681271,-1.03031110514414,0.00194692489957404
"8","AUWA","scale(prcp_DW_cov_tstat)",0.272161728566278,0.264840187499216,1.02764512869514,0.304116787686336,-0.246915500591021,0.791238957723577
"9","AUWA","scale(prcp_DW_total_tstat)",-0.420589498846142,0.279832820108546,-1.50300275243983,0.132838334220291,-0.969051747951168,0.127872750258883
"10","AUWA","scale(tempanom_DW_tstat)",0.067934685293738,0.231825435968038,0.293042413616357,0.769489732604231,-0.386434819903912,0.522304190491388
"11","BCCH","(Intercept)",0.377153622258223,0.166334269712125,2.26744388219555,0.0233631233741578,0.0511444442276863,0.70316280028876
"12","BCCH","scale(light_tstat)",0.211047545241946,0.172236323990819,1.22533702735781,0.220448262824283,-0.126529446609631,0.548624537093522
"13","BCCH","scale(prcp_DW_cov_tstat)",0.270185079863757,0.210754506423642,1.28198957378711,0.199846303714265,-0.142886162306097,0.68325632203361
"14","BCCH","scale(prcp_DW_total_tstat)",0.30997519569342,0.205860621651286,1.50575274283635,0.132130658801836,-0.0935042085781272,0.713454599964968
"15","BCCH","scale(tempanom_DW_tstat)",0.131217185216981,0.170955258935867,0.767552785645553,0.442752921700734,-0.203848965265037,0.466283335698999
"16","BEWR","(Intercept)",-0.329353514658334,0.245353531012956,-1.34236305179135,0.179478308661446,-0.810237598923459,0.151530569606791
"17","BEWR","scale(light_tstat)",-0.33576070240042,0.274787988944107,-1.22189002398032,0.221749218501604,-0.87433526411506,0.20281385931422
"18","BEWR","scale(prcp_DW_cov_tstat)",0.405703217241518,0.264828474502231,1.53194711408611,0.125535485878427,-0.113351054863538,0.924757489346574
"19","BEWR","scale(prcp_DW_total_tstat)",0.147307898119594,0.250600876061013,0.587818767575774,0.556653945522178,-0.343860793454177,0.638476589693365
"20","BEWR","scale(tempanom_DW_tstat)",-0.191098912236614,0.271216903572309,-0.704598090014199,0.481060387465599,-0.722674275236813,0.340476450763585
"21","CARW","(Intercept)",-0.167952593649047,0.234569226667692,-0.716004379751741,0.473988644538359,-0.627699829799136,0.291794642501043
"22","CARW","scale(light_tstat)",-0.39960922942143,0.197680465631248,-2.02149073326678,0.0432289906572103,-0.787055822505784,-0.0121626363370755
"23","CARW","scale(prcp_DW_cov_tstat)",0.243080130990935,0.221953225653166,1.09518629556113,0.273435028375622,-0.191940197541761,0.678100459523631
"24","CARW","scale(prcp_DW_total_tstat)",0.0148282647780861,0.208154049352711,0.0712369748472202,0.9432091544812,-0.393146175189401,0.422802704745573
"25","CARW","scale(tempanom_DW_tstat)",-0.0887241403116107,0.205404509559041,-0.431948356450802,0.665778948139174,-0.491309581309444,0.313861300686223
"26","COYE","(Intercept)",0.355959625097064,0.282396244022483,1.26049702370944,0.207490120891531,-0.197526842556387,0.909446092750516
"27","COYE","scale(light_tstat)",-0.0907165274583775,0.1902853748218,-0.47673935815263,0.633547732721144,-0.46366900889381,0.282235953977055
"28","COYE","scale(prcp_DW_cov_tstat)",-0.446711052859979,0.203313734258179,-2.19715138522182,0.0280096362734286,-0.845198649568357,-0.048223456151601
"29","COYE","scale(prcp_DW_total_tstat)",-0.163101390294155,0.197331586643587,-0.826534631724938,0.408500881105468,-0.54986419312773,0.223661412539421
"30","COYE","scale(tempanom_DW_tstat)",-0.150684303598711,0.196917743752519,-0.765214453137787,0.444143854636945,-0.536635989270535,0.235267382073114
"31","DOWO","(Intercept)",-0.152747959025913,0.191759446659321,-0.796560282619529,0.425706451908221,-0.528589568173512,0.223093650121685
"32","DOWO","scale(light_tstat)",0.37133993097424,0.19073059713548,1.94693424417096,0.0515426185214769,-0.00248517016111816,0.745165032109598
"33","DOWO","scale(prcp_DW_cov_tstat)",-0.20925238038805,0.20240889576071,-1.03381019693635,0.301224903681785,-0.605966526229564,0.187461765453465
"34","DOWO","scale(prcp_DW_total_tstat)",-0.177654103493004,0.201381529567757,-0.882176751136607,0.37768123225516,-0.572354648597395,0.217046441611387
"35","DOWO","scale(tempanom_DW_tstat)",-0.27266505111902,0.191743843074753,-1.42202767372676,0.155018217360906,-0.648476077802836,0.103145975564796
"36","GRCA","(Intercept)",-0.158109739435261,0.203882408479189,-0.775494760017019,0.438047360594613,-0.557711917135755,0.241492438265234
"37","GRCA","scale(light_tstat)",-0.28683963609042,0.185132580427945,-1.54937415892639,0.121291801998943,-0.649692826094157,0.0760135539133177
"38","GRCA","scale(prcp_DW_cov_tstat)",0.0532442090670772,0.238174476221028,0.223551280186992,0.823106476945516,-0.413569186362829,0.520057604496984
"39","GRCA","scale(prcp_DW_total_tstat)",-0.137194439713115,0.236208117308343,-0.580820173652303,0.561361657179424,-0.60015384249348,0.325764963067249
"40","GRCA","scale(tempanom_DW_tstat)",0.342347097643533,0.18615351557676,1.83905792261208,0.0659066670382913,-0.0225070884824337,0.707201283769499
"41","HOWR","(Intercept)",-0.423899319007182,0.22710607165112,-1.86652569843388,0.0619678520818139,-0.86901904011375,0.0212204020993874
"42","HOWR","scale(light_tstat)",-0.144853497453978,0.23713431892976,-0.610849994668566,0.541298892156692,-0.609628222054743,0.319921227146786
"43","HOWR","scale(prcp_DW_cov_tstat)",-0.15907802001815,0.243867313471879,-0.652313824896807,0.514198743338159,-0.637049171429571,0.318893131393272
"44","HOWR","scale(prcp_DW_total_tstat)",-0.0042901517162165,0.24648209443771,-0.0174055309210329,0.986113096787761,-0.487386179648127,0.478805876215694
"45","HOWR","scale(tempanom_DW_tstat)",-0.542509767577042,0.24236489894049,-2.23840073355774,0.0251949342463917,-1.01753624061709,-0.0674832945369913
"46","LISP","(Intercept)",0.108955697622865,0.246089930149834,0.442747484858591,0.657948391926167,-0.373371702428787,0.591283097674518
"47","LISP","scale(light_tstat)",0.21912691981516,0.289989114026472,0.755638433362559,0.44986600619653,-0.349241299585404,0.787495139215724
"48","LISP","scale(prcp_DW_cov_tstat)",-0.24606894439966,0.272632530517264,-0.902566336940035,0.366756099378567,-0.780418885227515,0.288280996428196
"49","LISP","scale(prcp_DW_total_tstat)",-0.216457753027573,0.31124817386765,-0.695450676345545,0.486772911599826,-0.826492964062029,0.393577458006882
"50","LISP","scale(tempanom_DW_tstat)",-0.613113137993433,0.252320831944041,-2.42989503985707,0.0151031959095373,-1.10765288115294,-0.11857339483393
"51","MGWA","(Intercept)",-0.0168929587850192,0.208168759190314,-0.0811503073310592,0.935322418114266,-0.424896229504426,0.391110311934387
"52","MGWA","scale(light_tstat)",-0.0782595955456721,0.18336664388845,-0.426792975462215,0.669530123352332,-0.437651613533017,0.281132422441672
"53","MGWA","scale(prcp_DW_cov_tstat)",0.138257925267836,0.16990829413875,0.813720872007178,0.415804874320556,-0.194756211918752,0.471272062454423
"54","MGWA","scale(prcp_DW_total_tstat)",-0.283441849543381,0.19761388333216,-1.43432154038974,0.151480526082142,-0.670757943719514,0.103874244632751
"55","MGWA","scale(tempanom_DW_tstat)",-0.411555637723781,0.206220816399645,-1.99570365838436,0.0459661886437766,-0.815741010729531,-0.00737026471803054
"56","NOCA","(Intercept)",-0.264894126704625,0.241231370103101,-1.09809154004892,0.272164519120501,-0.737698924047956,0.207910670638706
"57","NOCA","scale(light_tstat)",0.0921382282555524,0.159136150377385,0.578989928039924,0.562595969257372,-0.219762895122471,0.404039351633576
"58","NOCA","scale(prcp_DW_cov_tstat)",-0.10099999711777,0.172535877679635,-0.58538547736319,0.558288551525867,-0.439164103410863,0.237164109175323
"59","NOCA","scale(prcp_DW_total_tstat)",-0.30712867972403,0.195293864762917,-1.57264889041383,0.115800140382816,-0.689897621060983,0.0756402616129235
"60","NOCA","scale(tempanom_DW_tstat)",-0.249617602330776,0.182438237575501,-1.36823072645324,0.171239866605162,-0.607189977381719,0.107954772720168
"61","ORJU","(Intercept)",0.153778231391392,0.131526287558332,1.16918248242346,0.242330117410508,-0.104008555243197,0.411565018025982
"62","ORJU","scale(light_tstat)",-0.162527623575383,0.134412280071537,-1.20917243193019,0.226596606573439,-0.425970851595507,0.100915604444742
"63","ORJU","scale(prcp_DW_cov_tstat)",-0.227481989194981,0.135854742281986,-1.67445011763233,0.0940421700985292,-0.493752391196644,0.038788412806682
"64","ORJU","scale(prcp_DW_total_tstat)",-0.0496312740188084,0.143266870506495,-0.346425337856168,0.729023085770971,-0.330429180389303,0.231166632351686
"65","ORJU","scale(tempanom_DW_tstat)",-0.40709344616362,0.139064258364409,-2.92737653047311,0.00341834758044812,-0.679654384094635,-0.134532508232606
"66","OVEN","(Intercept)",0.166864278067314,0.204438016783365,0.816209630149824,0.414380249879821,-0.233826871898876,0.567555428033504
"67","OVEN","scale(light_tstat)",0.0227967934978201,0.178424955641913,0.127766844137946,0.898333489511063,-0.326909693503485,0.372503280499126
"68","OVEN","scale(prcp_DW_cov_tstat)",0.315864168338102,0.243444815526403,1.29747749055615,0.194466945142379,-0.161278902316645,0.79300723899285
"69","OVEN","scale(prcp_DW_total_tstat)",0.30916266130302,0.255191092143353,1.21149472227404,0.225705856165238,-0.191002688473394,0.809328011079434
"70","OVEN","scale(tempanom_DW_tstat)",0.121600409966392,0.193071717718926,0.629819900102705,0.528812424146948,-0.256813203195987,0.500014023128771
"71","SOSP","(Intercept)",0.534735198993174,0.369455865236388,1.44735880333375,0.147796457609053,-0.18938499074723,1.25885538873358
"72","SOSP","scale(light_tstat)",-0.0833129214024508,0.126677808701397,-0.657675738604186,0.510746515310831,-0.331596864097643,0.164971021292741
"73","SOSP","scale(prcp_DW_cov_tstat)",0.131636894545666,0.148913902894756,0.883979883588834,0.3767070721756,-0.160228991925352,0.423502781016683
"74","SOSP","scale(prcp_DW_total_tstat)",0.397984725746073,0.158332918909974,2.51359432066279,0.0119507816355198,0.0876579071154233,0.708311544376722
"75","SOSP","scale(tempanom_DW_tstat)",-0.186899152476253,0.139747256621572,-1.33740838278039,0.1810893696478,-0.46079874239281,0.0870004374403041
"76","SWTH","(Intercept)",0.30749162068589,0.241399427922703,1.2737876942457,0.202738667484838,-0.165642563931181,0.780625805302961
"77","SWTH","scale(light_tstat)",-0.00948989293578685,0.244971272968871,-0.0387387991284706,0.969098639381871,-0.489624765201705,0.470644979330131
"78","SWTH","scale(prcp_DW_cov_tstat)",0.0938072562263694,0.263216880059101,0.35638769141746,0.721550245889708,-0.422088348812467,0.609702861265206
"79","SWTH","scale(prcp_DW_total_tstat)",-0.230934039540433,0.250587687870551,-0.921569776643336,0.356753029366837,-0.722076882735877,0.26020880365501
"80","SWTH","scale(tempanom_DW_tstat)",0.308771273546343,0.27146778170499,1.13741406662353,0.255365229597535,-0.22329580155842,0.840838348651105
"81","TUTI","(Intercept)",-0.0921444262922236,0.250761921981594,-0.367457808442651,0.71327755786328,-0.583628762070191,0.399339909485744
"82","TUTI","scale(light_tstat)",-0.411429100438828,0.203944772193513,-2.01735546350972,0.0436584314404529,-0.811153508773339,-0.0117046921043179
"83","TUTI","scale(prcp_DW_cov_tstat)",0.250775397907956,0.212298742894855,1.18123826118065,0.237508085698622,-0.165322492129089,0.666873287945001
"84","TUTI","scale(prcp_DW_total_tstat)",-0.251396500085114,0.221977916332431,-1.13252932651474,0.257411962140379,-0.686465221459925,0.183672221289697
"85","TUTI","scale(tempanom_DW_tstat)",0.0357483225573241,0.203221955884737,0.17590777729548,0.860366395232155,-0.362559391844547,0.434056036959196
"86","WIWA","(Intercept)",0.393616175155874,0.606260257786905,0.649252808674499,0.5161749830808,-0.794632095364429,1.58186444567618
"87","WIWA","scale(light_tstat)",0.386963341690578,0.151631702993164,2.55199495918095,0.0107108068395136,0.0897706649095018,0.684156018471654
"88","WIWA","scale(prcp_DW_cov_tstat)",0.0243476892304397,0.153047030604033,0.159086322252358,0.87360086424313,-0.275618978694264,0.324314357155144
"89","WIWA","scale(prcp_DW_total_tstat)",-0.14953445156149,0.159170306911188,-0.93946197920524,0.347493604240443,-0.461502520515604,0.162433617392625
"90","WIWA","scale(tempanom_DW_tstat)",-0.364904955179919,0.155327733167871,-2.34925822799169,0.0188108560323876,-0.669341717989194,-0.0604681923706438
"91","WOTH","(Intercept)",-0.356366426528497,19.7086604515057,-0.0180817172940473,0.985573663054099,-38.9846310950086,38.2718982419517
"92","WOTH","scale(light_tstat)",0.186298200553479,0.272842132405155,0.682805836881662,0.494729540907987,-0.348462552425733,0.721058953532691
"93","WOTH","scale(prcp_DW_cov_tstat)",0.203101053418939,0.330446139212515,0.614626800915117,0.538801210789832,-0.444561478267899,0.850763585105778
"94","WOTH","scale(prcp_DW_total_tstat)",-0.106965975434854,0.348304895610126,-0.307104427135546,0.758763888066857,-0.789631026469683,0.575699075599976
"95","WOTH","scale(tempanom_DW_tstat)",-0.483660749346921,0.270534250693405,-1.78779858042836,0.0738085099981376,-1.01389813729053,0.0465766385966837
"96","YEWA","(Intercept)",-0.13314674050569,0.157833237481949,-0.843591265248665,0.398897846959444,-0.442494201533668,0.176200720522287
"97","YEWA","scale(light_tstat)",-0.0381936733057342,0.160301054774541,-0.238262145931932,0.811677779145256,-0.352377967347616,0.275990620736148
"98","YEWA","scale(prcp_DW_cov_tstat)",-0.18396183091828,0.161333979707861,-1.14025471417363,0.254180198638997,-0.500170620628204,0.132246958791643
"99","YEWA","scale(prcp_DW_total_tstat)",-0.192862446502826,0.159904728646059,-1.20610846305688,0.227775672095687,-0.506269955606752,0.120545062601101
"100","YEWA","scale(tempanom_DW_tstat)",-0.146024654079682,0.159711481116121,-0.914302798140806,0.360557760702453,-0.459053404984827,0.167004096825464
